1,troy_alfor,derrick_jarvis
2,emilie_blaese,mindy_howard
3,TestUser,troy_alfor
4,TestUser,derrick_jarvis
5,TestUser,emilie_blaese
6,TestUser,mindy_howard
7,TestUser,ray_meyers
8,TestUser,ayah_mcfarlane
9,TestUser,amaya_smart
10,TestUser,faith_harvey
11,TestUser,aizah_wynn
12,TestUser,abdi_brookes
13,emilie_blaese,TestUser
14,mindy_howard,TestUser
15,faith_harvey,TestUser
16,abdi_brookes,TestUser
17,troy_alfor,amaya_smart
18,troy_alfor,abdi_brookes
19,troy_alfor,faith_harvey
20,derrick_jarvis,aizah_wynn
21,derrick_jarvis,ray_meyers
22,derrick_jarvis,emilie_blaese
23,emilie_blaese,derrick_jarvis
24,emilie_blaese,ayah_mcfarlane
25,emilie_blaese,abdi_brookes
26,mindy_howard,faith_harvey
27,mindy_howard,derrick_jarvis
28,mindy_howard,amaya_smart
29,ray_meyers,mindy_howard
30,ray_meyers,ayah_mcfarlane
31,ray_meyers,emilie_blaese
32,ayah_mcfarlane,faith_harvey
33,ayah_mcfarlane,derrick_jarvis
34,ayah_mcfarlane,abdi_brookes
35,amaya_smart,derrick_jarvis
36,amaya_smart,aizah_wynn
37,amaya_smart,ray_meyers
38,faith_harvey,abdi_brookes
39,faith_harvey,derrick_jarvis
40,faith_harvey,emilie_blaese